Category,Korean,English,EnKo_Attempts,EnKo_Accuracy,KoEn_Attempts,KoEn_Accuracy,EnKo_Forgot,KoEn_Forgot
Countries,미국,United States of America,1,100,0,0,,
Countries,중국,China,1,100,0,0,,
Countries,일본,Japan,1,100,0,0,,
Countries,인도,India,1,100,0,0,,
Countries,호주,Australia,3,100,0,0,,
Countries,영국,United Kingdom,2,60,0,0,,
Countries,독일,Germany,1,78,0,0,[독]일,
Countries,프랑스,France,1,81,0,0,프[랑]스,
Countries,캐나다,Canada,1,78,0,0,[캐]나다,
Countries,한국,Korea,0,0,0,0,,
Countries,러시아,Russia,0,0,0,0,,
Occupations,선생님,teacher,1,100,0,0,,
Occupations,학생,student,1,78,0,0,[학]생,
Occupations,의사,doctor,2,100,0,0,,
Occupations,요리사,chef / cook,2,87,0,0,,
Occupations,은행원,bank clerk,3,38,0,0,은[행]원,
Occupations,기자,reporter / journalist,1,100,0,0,,
Occupations,회사원,company employee,1,62,0,0,[회]사원,
Occupations,연구원,researcher,0,0,0,0,,
Occupations,운전기사,driver,3,0,0,0,,
Nouns,사람,person,1,100,0,0,,
Nouns,이름,name,1,100,0,0,,
Nouns,국적,nationality,2,22,0,0,국[적],
Nouns,직업,job / occupation,2,60,0,0,,
Nouns,주소,address,3,13,0,0,[주소],
Nouns,전화,telephone,2,41,0,0,전[화],
Nouns,시계,watch / clock,0,0,0,0,,
Nouns,우산,umbrella,2,73,0,0,[우]산,
Nouns,볼펜,ballpoint pen,2,78,0,0,볼[펜],
Nouns,휴대 전화,cellular phone / mobile,3,7,0,0,[휴대전]화,
Nouns,담배,cigarette,2,100,0,0,,
Nouns,치마,skirt,1,100,0,0,,
Nouns,사전,dictionary,1,100,0,0,,
Nouns,신문,newspaper,1,100,0,0,,
Nouns,책,book,0,0,0,0,,
Nouns,연필,pencil,1,0,0,0,,
Nouns,가방,bag,1,100,0,0,,
Nouns,모자,hat / cap,1,100,0,0,,
Nouns,구두,dress shoes,2,33,0,0,[구]두,
Nouns,바지,trousers / pants,1,100,0,0,,
Nouns,공책,notebook,2,0,0,0,,
Nouns,돈,money,1,56,0,0,[돈],
Nouns,카메라,camera,1,78,0,0,카[메]라,
Nouns,친구,friend,1,100,0,0,,
Nouns,날씨,weather,0,0,0,0,,
Nouns,텔레비전,television,1,73,0,0,[텔레]비전,
Nouns,옷,clothes,2,40,0,0,,
Nouns,길,road / way,1,100,0,0,,
Nouns,공부,study / learning,1,41,0,0,,
Nouns,영어,English (language),0,0,0,0,,
Nouns,한국어,Korean (language),2,83,0,0,한국[어],
Nouns,운동,exercise / workout,1,100,0,0,,
Nouns,영화,movie,1,73,0,0,영[화],
Nouns,태권도,taekwondo,1,62,0,0,[태권]도,
Nouns,질문,question,0,0,0,0,,
Demonstratives & Pronouns,여기,here,1,33,0,0,[여기],
Demonstratives & Pronouns,이분,this person (polite),2,0,0,0,[이분],
Demonstratives & Pronouns,이거,this (one),0,0,0,0,,
Demonstratives & Pronouns,저거,"that (one, over there)",1,67,0,0,저[거],
Demonstratives & Pronouns,그거,"that (one, near listener)",1,100,0,0,,
Demonstratives & Pronouns,이,this,1,0,0,0,,
Demonstratives & Pronouns,그,that,1,100,0,0,,
Demonstratives & Pronouns,저,that (over there),0,0,0,0,,
Demonstratives & Pronouns,뭐,what,0,0,0,0,,
Demonstratives & Pronouns,어디,where,3,64,0,0,,
Demonstratives & Pronouns,얼마,how much,0,0,0,0,,
Demonstratives & Pronouns,몇,how many / how much,2,0,0,0,,
Demonstratives & Pronouns,우리,we / our,1,0,0,0,,
Demonstratives & Pronouns,제,my (polite),3,64,0,0,,
Food & Drinks,불고기,bulgogi (marinated beef),1,100,0,0,,
Food & Drinks,냉면,naengmyeon (cold noodles),1,0,0,0,,
Food & Drinks,비빔밥,bibimbap (mixed rice with vegetables),0,0,0,0,,
Food & Drinks,라면,ramen / instant noodles,0,0,0,0,,
Food & Drinks,김밥,gimbap (seaweed rice roll),1,100,0,0,,
Food & Drinks,사과,apple,1,100,0,0,,
Food & Drinks,오렌지,orange,0,0,0,0,,
Food & Drinks,햄버거,hamburger,2,89,0,0,,
Food & Drinks,김치,kimchi,1,100,0,0,,
Food & Drinks,빵,bread,2,47,0,0,,
Food & Drinks,밥,steamed rice / meal,1,100,0,0,,
Food & Drinks,고기,meat,0,0,0,0,,
Food & Drinks,피자,pizza,0,0,0,0,,
Food & Drinks,포도,grape,1,33,0,0,[포도],
Food & Drinks,바나나,banana,1,100,0,0,,
Food & Drinks,스파게티,spaghetti,1,83,0,0,스파[게]티,
Food & Drinks,우유,milk,2,100,0,0,,
Food & Drinks,콜라,cola / soda,0,0,0,0,,
Food & Drinks,맥주,beer,0,0,0,0,,
Food & Drinks,홍차,black tea,1,47,0,0,[홍]차,
Food & Drinks,물,water,1,100,0,0,,
Food & Drinks,커피,coffee,2,100,0,0,,
Food & Drinks,녹차,green tea,0,0,0,0,,
Food & Drinks,주스,juice,1,67,0,0,[주]스,
Numbers (Native Korean),하나 / 한,one (1),2,100,0,0,,
Numbers (Native Korean),둘 / 두,two (2),1,56,0,0,[둘],
Numbers (Native Korean),셋 / 세,three (3),2,38,0,0,[셋],
Numbers (Native Korean),넷 / 네,four (4),1,56,0,0,[넷],
Numbers (Native Korean),다섯,five (5),1,33,0,0,[다섯],
Numbers (Native Korean),여섯,six (6),1,56,0,0,[여섯],
Numbers (Native Korean),일곱,seven (7),4,46,0,0,일[곱],
Numbers (Native Korean),여덟,eight (8),1,20,0,0,여[덟],
Numbers (Native Korean),아홉,nine (9),1,73,0,0,아[홉],
Numbers (Native Korean),열,ten (10),1,100,0,0,,
Numbers (Sino-Korean),일,one (1),0,0,0,0,,
Numbers (Sino-Korean),이,two (2),0,0,0,0,,
Numbers (Sino-Korean),삼,three (3),0,0,0,0,,
Numbers (Sino-Korean),사,four (4),1,100,0,0,,
Numbers (Sino-Korean),오,five (5),0,0,0,0,,
Numbers (Sino-Korean),육,six (6),1,56,0,0,[육],
Numbers (Sino-Korean),칠,seven (7),0,0,0,0,,
Numbers (Sino-Korean),팔,eight (8),3,64,0,0,,
Numbers (Sino-Korean),구,nine (9),2,33,0,0,[구],
Numbers (Sino-Korean),십,ten (10),1,100,0,0,,
Numbers (Sino-Korean),백,hundred (100),1,100,0,0,,
Numbers (Sino-Korean),천,"thousand (1,000)",0,0,0,0,,
Numbers (Sino-Korean),만,"ten thousand (10,000)",1,100,0,0,,
Numbers (Sino-Korean),십만,"hundred thousand (100,000)",1,100,0,0,,
Counting Units & Currency,병,counter for bottles,3,64,0,0,,
Counting Units & Currency,잔,counter for glasses/cups,1,56,0,0,[잔],
Counting Units & Currency,개,counter for general items,0,0,0,0,,
Counting Units & Currency,캔,counter for cans,1,100,0,0,,
Counting Units & Currency,원,Korean Won (KRW),0,0,0,0,,
Verbs,주다,to give,0,0,0,0,,
Verbs,읽다,to read,1,100,0,0,,
Verbs,가다,to go,1,100,0,0,,
Verbs,오다,to come,1,100,0,0,,
Verbs,가르치다,to teach,0,0,0,0,,
Verbs,기다리다,to wait,1,83,0,0,[기]다리다,
Verbs,쉬다,to rest,0,0,0,0,,
Verbs,쓰다,to write / to use,1,100,0,0,,
Verbs,앉다,to sit down,2,40,0,0,,
Verbs,하다,to do,1,100,0,0,,
Verbs,사다,to buy,0,0,0,0,,
Verbs,배우다,to learn,0,0,0,0,,
Verbs,운동하다,to exercise / work out,1,100,0,0,,
Verbs,공부하다,to study,1,85,0,0,[공]부하다,
Verbs,청소하다,to clean,0,0,0,0,,
Verbs,먹다,to eat,1,100,0,0,,
Verbs,만나다,to meet,1,100,0,0,,
Verbs,입다,to wear / put on,2,40,0,0,,
Verbs,빨래하다,to do laundry,1,85,0,0,[빨]래하다,
Verbs,좋아하다,to like,0,0,0,0,,
Verbs,마시다,to drink,1,100,0,0,,
Verbs,보다,to see / watch,2,100,0,0,,
Adjectives,있다,to have / to exist,1,100,0,0,,
Adjectives,없다,not to have / not to exist,0,0,0,0,,
Adjectives,맛있다,tasty / delicious,0,0,0,0,,
Adjectives,싸다,cheap,1,100,0,0,,
Adjectives,좋다,good / nice,1,100,0,0,,
Adjectives,복잡하다,crowded / complex,2,29,0,0,복[잡]하다,
Adjectives,재미있다,interesting / fun,2,0,0,0,,
Adjectives,따뜻하다,warm,1,100,0,0,,
Places,공원,park,2,100,0,0,,
Places,학교,school,1,100,0,0,,
Places,집,house / home,1,100,0,0,,
Places,산,mountain,1,100,0,0,,
Places,병원,hospital,1,100,0,0,,
Places,시장,market,1,47,0,0,[시장],
Places,식당,restaurant,0,0,0,0,,
Time,지금,now,4,78,0,0,,
Time,오늘,today,2,100,0,0,,
Time,내일,tomorrow,1,100,0,0,,
Time,요즘,these days / nowadays,0,0,0,0,,
Other Expressions,메뉴,menu,1,67,0,0,[메]뉴,
Other Expressions,좀,please / a little,2,22,0,0,[좀],
Other Expressions,더,more,1,100,0,0,,
Other Expressions,그럼,then / in that case,2,0,0,0,,
Other Expressions,그리고,and,1,100,0,0,,
Other Expressions,아주,very,1,0,0,0,,
Other Expressions,안,not (negation particle),1,100,0,0,,
Phrases & Expressions,날씨가 좋다,The weather is fine.,0,0,0,0,,
Phrases & Expressions,길이 복잡하다,The road is crowded.,2,78,0,0,길[이]복[잡]하다,
Phrases & Expressions,날씨가 따뜻하다,The weather is warm.,3,20,0,0,[날]씨[가]따뜻하다,